"Code","File","Provider","Kind","Title"
"FR-061","FR-061.md","repo","docs","Phase-2 provider completion docs + stay-dark rule"
"FR-062","FR-062.md","live-stubs","live","Live stub providers: add a-search-id-onboarding skillbooks"
"FR-063","FR-063.md","kelkoo","live","kelkoo search.js client + recorded fixtures (enabled stays false)"
"FR-064","FR-064.md","kelkoo","live","kelkoo normalize.js to shared product schema"
"FR-065","FR-065.md","kelkoo","live","kelkoo worker.js wires search to normalize to writeResults (replace stub)"
"FR-066","FR-066.md","kelkoo","live","kelkoo selftestProbe + rateLimit registry rows"
"FR-067","FR-067.md","skimlinks","live","skimlinks search.js client + recorded fixtures (enabled stays false)"
"FR-068","FR-068.md","skimlinks","live","skimlinks normalize.js to shared product schema"
"FR-069","FR-069.md","skimlinks","live","skimlinks worker.js wires search to normalize to writeResults (replace stub)"
"FR-070","FR-070.md","skimlinks","live","skimlinks selftestProbe + rateLimit registry rows"
"FR-071","FR-071.md","aliexpress","live","aliexpress search.js client + recorded fixtures (enabled stays false)"
"FR-072","FR-072.md","aliexpress","live","aliexpress normalize.js to shared product schema"
"FR-073","FR-073.md","aliexpress","live","aliexpress worker.js wires search to normalize to writeResults (replace stub)"
"FR-074","FR-074.md","aliexpress","live","aliexpress selftestProbe + rateLimit registry rows"
"FR-075","FR-075.md","etsy","live","etsy search.js client + recorded fixtures (enabled stays false)"
"FR-076","FR-076.md","etsy","live","etsy normalize.js to shared product schema"
"FR-077","FR-077.md","etsy","live","etsy worker.js wires search to normalize to writeResults (replace stub)"
"FR-078","FR-078.md","etsy","live","etsy selftestProbe + rateLimit registry rows"
"FR-079","FR-079.md","bol","live","bol search.js client + recorded fixtures (enabled stays false)"
"FR-080","FR-080.md","bol","live","bol normalize.js to shared product schema"
"FR-081","FR-081.md","bol","live","bol worker.js wires search to normalize to writeResults (replace stub)"
"FR-082","FR-082.md","bol","live","bol selftestProbe + rateLimit registry rows"
"FR-083","FR-083.md","partnerize","local","partnerize queryParts MSSQL SELECT + worker replace stub"
"FR-084","FR-084.md","partnerize","local","partnerize selftestProbe + rateLimit (stay dark)"
"FR-085","FR-085.md","partnerize","local","partnerize maintainer feed-parser hook stub to contract"
"FR-086","FR-086.md","webgains","local","webgains queryParts MSSQL SELECT + worker replace stub"
"FR-087","FR-087.md","webgains","local","webgains selftestProbe + rateLimit (stay dark)"
"FR-088","FR-088.md","webgains","local","webgains maintainer feed-parser hook stub to contract"
"FR-089","FR-089.md","tradedoubler","local","tradedoubler queryParts MSSQL SELECT + worker replace stub"
"FR-090","FR-090.md","tradedoubler","local","tradedoubler selftestProbe + rateLimit (stay dark)"
"FR-091","FR-091.md","tradedoubler","local","tradedoubler maintainer feed-parser hook stub to contract"
"FR-092","FR-092.md","admitad","local","admitad queryParts MSSQL SELECT + worker replace stub"
"FR-093","FR-093.md","admitad","local","admitad selftestProbe + rateLimit (stay dark)"
"FR-094","FR-094.md","admitad","local","admitad maintainer feed-parser hook stub to contract"
"FR-095","FR-095.md","flexoffers","local","flexoffers queryParts MSSQL SELECT + worker replace stub"
"FR-096","FR-096.md","flexoffers","local","flexoffers selftestProbe + rateLimit (stay dark)"
"FR-097","FR-097.md","flexoffers","local","flexoffers maintainer feed-parser hook stub to contract"
"FR-098","FR-098.md","avantlink","local","avantlink queryParts MSSQL SELECT + worker replace stub"
"FR-099","FR-099.md","avantlink","local","avantlink selftestProbe + rateLimit (stay dark)"
"FR-100","FR-100.md","avantlink","local","avantlink maintainer feed-parser hook stub to contract"
"FR-101","FR-101.md","shopify","local","shopify Admin/REST catalogue client + fixtures (stay dark)"
"FR-102","FR-102.md","shopify","local","shopify normalize + Parts upsert contract"
"FR-103","FR-103.md","shopify","local","shopify worker.js local search replace stub"
"FR-104","FR-104.md","shopify","local","shopify selftestProbe + rateLimit (stay dark)"
"FR-105","FR-105.md","wix","local","wix Admin/REST catalogue client + fixtures (stay dark)"
"FR-106","FR-106.md","wix","local","wix normalize + Parts upsert contract"
"FR-107","FR-107.md","wix","local","wix worker.js local search replace stub"
"FR-108","FR-108.md","wix","local","wix selftestProbe + rateLimit (stay dark)"
"FR-109","FR-109.md","woocommerce","local","woocommerce Admin/REST catalogue client + fixtures (stay dark)"
"FR-110","FR-110.md","woocommerce","local","woocommerce normalize + Parts upsert contract"
"FR-111","FR-111.md","woocommerce","local","woocommerce worker.js local search replace stub"
"FR-112","FR-112.md","woocommerce","local","woocommerce selftestProbe + rateLimit (stay dark)"
