fr	issue	title	url
FR-195	#1183	Docs lock ComponentsPiece architecture + contracts	https://github.com/SimonBarnett/a-search/issues/1183
FR-196	#1184	Customers DB row host customerNumber approved	https://github.com/SimonBarnett/a-search/issues/1184
FR-197	#1185	S3 customer tree bootstrap empty live.json	https://github.com/SimonBarnett/a-search/issues/1185
FR-198	#1186	Parts API GET /parts offset limit page	https://github.com/SimonBarnett/a-search/issues/1186
FR-199	#1187	Click API GET /go approved path	https://github.com/SimonBarnett/a-search/issues/1187
FR-200	#1188	Click API DNS TXT gate signup and approval cache	https://github.com/SimonBarnett/a-search/issues/1188
FR-201	#1189	Widget JS capture host uri page Parts API	https://github.com/SimonBarnett/a-search/issues/1189
FR-202	#1190	Widget inherit host CSS no competing theme	https://github.com/SimonBarnett/a-search/issues/1190
FR-203	#1191	Widget click via /go never embed affiliate URL	https://github.com/SimonBarnett/a-search/issues/1191
FR-204	#1192	Agent site pass site.md and seed top10.json	https://github.com/SimonBarnett/a-search/issues/1192
FR-205	#1193	Agent URI context.md and searches.json	https://github.com/SimonBarnett/a-search/issues/1193
FR-206	#1194	Agent ingest in.json into live.json then delete	https://github.com/SimonBarnett/a-search/issues/1194
FR-207	#1195	Agent prune dead links and roll top10.json	https://github.com/SimonBarnett/a-search/issues/1195
FR-208	#1196	CDK API Gateway routes for /parts and /go	https://github.com/SimonBarnett/a-search/issues/1196
FR-209	#1197	Park ComponentsPiece HTML mocks and vision Screens rows	https://github.com/SimonBarnett/a-search/issues/1197
FR-210	#1198	Skillbook folder for components-piece agent CWD	https://github.com/SimonBarnett/a-search/issues/1198
FR-211	#1199	uri-slug stable encoding helper	https://github.com/SimonBarnett/a-search/issues/1199
FR-212	#1200	JSON contract fixtures in.json live.json searches.json	https://github.com/SimonBarnett/a-search/issues/1200
FR-213	#1204	Click commission attribution uses cached partnerId	https://github.com/SimonBarnett/a-search/issues/1204
